model,fold,roc_auc,pr_auc,f1,fit_time_s
Logistic Regression (baseline),0,0.9088035152894401,0.7760201376028792,0.6706408345752608,0.6545217037200928
Logistic Regression (baseline),1,0.9117044386376004,0.7795375995307565,0.6699737379632331,0.5258533954620361
Logistic Regression (baseline),2,0.9076080650166634,0.7641592939923267,0.6550399054093999,0.39991235733032227
Logistic Regression (baseline),3,0.9020404177584699,0.7535719001050962,0.6453488372093024,0.4348716735839844
Logistic Regression (baseline),4,0.902038635104109,0.7531710113430153,0.6535756154747948,0.4417576789855957
Random Forest (bagging),0,0.8955125189459529,0.733684995210532,0.66,15.883708238601685
Random Forest (bagging),1,0.8974018071178315,0.7510327347492699,0.663839411931015,17.715998888015747
Random Forest (bagging),2,0.8914419163184809,0.7390339691725847,0.6491024898668211,16.21675395965576
Random Forest (bagging),3,0.8834678146969659,0.7203049311746427,0.6561354019746122,16.375105381011963
Random Forest (bagging),4,0.8869794553083683,0.7256011376992397,0.650126867775585,21.13971185684204
XGBoost (boosting),0,0.9255570447461805,0.8239282333445794,0.7069416206796398,3.354555606842041
XGBoost (boosting),1,0.9281781751617997,0.8291668479402943,0.7197034502423724,0.9567899703979492
XGBoost (boosting),2,0.9241406745433858,0.8135716086003055,0.6944685780480742,0.849837064743042
XGBoost (boosting),3,0.9229899907345782,0.8140347083757384,0.6974212034383954,-0.9937000274658203
XGBoost (boosting),4,0.9200407007290864,0.814911329987945,0.7025959367945824,0.8633236885070801
Stacking (RF + XGB -> LR),0,0.9257139194847601,0.8226984947702114,0.6999114783121865,109.41758847236633
Stacking (RF + XGB -> LR),1,0.9278811565913926,0.8290964399943437,0.7114485981308412,112.65323972702026
Stacking (RF + XGB -> LR),2,0.9242179425482251,0.8140003818585322,0.6874632136550912,100.56697916984558
Stacking (RF + XGB -> LR),3,0.9219973891220619,0.8125066383285495,0.6933879461673493,109.69906902313232
Stacking (RF + XGB -> LR),4,0.9198633772608517,0.8143985006778046,0.6966810966810967,121.14717388153076
