default,tuned,diff
0.9225381505151949,0.9284022433807226,0.0058640928655276925
0.924281717886329,0.9286386349019309,0.004356917015601924
0.9293155170165015,0.9347978573645225,0.005482340348020975
0.9257252476216575,0.9323073870025799,0.006582139380922336
0.9180681908148063,0.9228004602673077,0.004732269452501381
0.9237256850901536,0.9298568877814908,0.0061312026913371565
0.9267935127258335,0.9322448649159182,0.005451352190084635
0.922690077942638,0.9272703435682708,0.00458026562563274
0.9269073876325744,0.9320238443985147,0.005116456765940303
0.9201200959400033,0.926428349083424,0.00630825314342065
0.9210953346855983,0.9259622295282515,0.0048668948426531244
0.9218090517803574,0.9263830208281799,0.004573969047822479
0.9209043684757334,0.9258364328987195,0.004932064422986104
0.9309876381544576,0.9355400246867915,0.0045523865323339185
0.9245442310045271,0.9310385793250372,0.006494348320510102
