,0,1,2,3,4,5,6,7,8,9
age,0.04848057590218995,0.04838732180207674,0.05552284668004255,0.05549824775463969,0.05071686368792617,0.043303787824558744,0.04937168247696489,0.05251000668647186,0.045283810233673255,0.05548481925397716
workclass,0.0056818629379540506,0.06044634591415249,0.03967657722384748,0.026551886289523922,0.03841583651569778,0.04402042865069286,0.011792779871922602,0.01620515885707347,0.026195460286929415,0.024058633288336528
education,-0.0009867276078077624,0.0014115235148112512,0.00705112675330251,-0.005461662673277251,-0.0032859680920383615,-0.0007047948035354103,0.010113913621189517,0.007920013041750407,0.009698900611605336,0.0032978857029227118
education-num,0.014783953970552422,0.019465808877873553,0.01098022838146989,0.01488613857644722,0.024869332762207392,0.01299103032954096,0.010284346716241085,0.023242949177984227,0.015363184634759308,0.01459822467873594
marital-status,0.1347048787930028,0.1322875497073307,0.132293592350699,0.13123458149570724,0.12973097859748622,0.12926594918340692,0.13318780263978786,0.12058732136563324,0.1247820294104388,0.12465620876290005
occupation,0.008241542836526443,0.009109436366014415,0.013187418404013019,0.00810304813194418,0.01876774097500875,0.006380398737710343,0.013975637172771152,0.01339649862999093,0.013941586611156223,0.016909801871394053
relationship,0.017956094433843092,0.012073919670323941,0.01767363567444668,0.006221204689337751,0.008540966599131849,0.015539401770388457,0.006806559490895572,0.015765351125805963,0.007453942725263857,0.013810936483273646
race,0.011009181069269892,0.006152948922492289,0.0031369403709030565,0.007217730344550467,0.013456197352079211,0.011790527928241904,0.011784071496079294,0.013542143652268267,0.014872235348102732,0.013120880152645589
sex,0.027420187733744855,0.026008840709533573,0.02375883825576622,0.025182645293666282,0.02690616029405021,0.02389852325578524,0.020402985826297213,0.029737415290383647,0.02757187230871931,0.022583163831309063
capital-gain,-0.6985152179520262,-0.6862841881088115,-0.6878098071751931,-0.6854987253870005,-0.7217509074040827,-0.6993759089410077,-0.6860789833287322,-0.6725968923582041,-0.7274817601128518,-0.6835119321201978
capital-loss,-0.080940325881887,-0.06066265089534461,-0.0642400337365175,-0.04345004205138994,-0.07893547646098471,-0.0521472097270326,-0.05279494565617758,-0.03011069157957588,-0.06585534194757545,-0.026470041818414218
hours-per-week,0.07844683495627226,0.07938929092000763,0.06883784129790615,0.07396296101824883,0.06986754023017919,0.07930739045019294,0.07533757098186936,0.054560874860735506,0.07608865979138535,0.07503963501822919
native-country,0.010967786587537677,0.015966015854970057,0.015443275154174247,0.007050061067638947,0.009722546517872318,0.02006949912840244,0.01412333159532101,0.011988771539240347,0.010466548209478128,0.015491369307419503
