,AUC drop,std
marital-status,0.06806581641888591,0.0014949620616881594
capital-gain,0.057721965129684694,0.002162198210295769
age,0.03327861672546243,0.0018281503035015845
education-num,0.018422181105840284,0.0009870788216085032
occupation,0.015990198164686286,0.001116893368702277
capital-loss,0.014362106317935807,0.0009177030859166621
hours-per-week,0.011787915468526389,0.0010512505696244835
relationship,0.004937970188013019,0.0005060225270427834
workclass,0.0033448811946903078,0.00030742589044028016
sex,0.002157501728408029,0.000416510932390774
race,0.0009451374965281478,8.333868055691507e-05
native-country,0.000552140577493232,0.00026841064880720356
education,0.00019843298682262756,0.00023249679658419927
